{
	"class_name" : "PinholeCameraParameters",
	"extrinsic" : 
	[
		0.9951010728027988,
		0.0037125754522773749,
		-0.098793075112733469,
		0.0,
		0.003381596721972004,
		-0.99998809606702421,
		-0.0035174604273702243,
		0.0,
		-0.098804957923825848,
		0.0031661503058627478,
		-0.9951017816193034,
		0.0,
		-87.054513225845525,
		-133.87897790496655,
		-259.55359778259515,
		1.0
	],
	"intrinsic" : 
	{
		"height" : 700,
		"intrinsic_matrix" : 
		[
			606.21778264910711,
			0.0,
			0.0,
			0.0,
			606.21778264910711,
			0.0,
			549.5,
			349.5,
			1.0
		],
		"width" : 1100
	},
	"version_major" : 1,
	"version_minor" : 0
}